"Sex";"Periods";"Regions";"Population on 1 January (number)";"Population density (number)";"Live born children/Live born children (number)";"Live born children/Live born children, ratio (per 1,000)";"Deaths/Deaths (number)";"Deaths/Deaths, ratio (per 1,000)";"Natural increase (number)";"Arrivals in municipality/Total arrivals (number)";"Arrivals in municipality/Total arrivals, ratio (per 1,000)";"Arrivals in municipality/Due to immigration (number)";"Arrivals in municipality/Due to intermunicipal moves (number)";"Departures from municipality/Total departures including administra... (number)";"Departures from municipality/Total departures including adm..., ratio (per 1,000)";"Departures from municipality/Due to emigration including administr... (number)";"Departures from municipality/Due to intermunicipal moves (number)";"Net migration including administrative.. (number)";"Population growth/Population growth (number)";"Population growth/Population growth, ratio (per 1,000)";"Population on 31 December (number)"
"Total male and female";"1942";"Noord-Nederland (LD)";" 1116179";"       .";"   24257";"    21.6";"   10496";"     9.3";"   13761";"   59758";"    53.2";"       .";"       .";"   59085";"    52.6";"       .";"       .";"     673";"   14375";"    12.9";" 1130554"
"Total male and female";"1943";"Noord-Nederland (LD)";" 1130554";"       .";"   26630";"    23.4";"   11241";"     9.9";"   15389";"   66062";"    57.9";"       .";"       .";"   61768";"    54.2";"       .";"       .";"    4294";"   19683";"    17.4";" 1150237"
"Total male and female";"1944";"Noord-Nederland (LD)";" 1150237";"       .";"   27467";"    23.8";"   12312";"    10.7";"   15155";"   48790";"    42.3";"       .";"       .";"   56107";"    48.6";"       .";"       .";"   -7317";"    7838";"     6.8";" 1158075"
"Total male and female";"1945";"Noord-Nederland (LD)";" 1158075";"       .";"   27832";"    24.0";"   15189";"    13.1";"   12643";"   69434";"    59.9";"       .";"       .";"   78057";"    67.3";"       .";"       .";"   -8623";"    4020";"     3.5";" 1162095"
"Total male and female";"1946";"Noord-Nederland (LD)";" 1162095";"       .";"   33854";"    29.0";"   10633";"     9.1";"   23221";"   81571";"    69.8";"       .";"       .";"   93068";"    79.7";"       .";"       .";"  -11497";"   11724";"    10.1";" 1173819"
"Total male and female";"1947";"Noord-Nederland (LD)";" 1173819";"       .";"   31537";"    26.7";"    9933";"     8.4";"   21604";"   67451";"    57.1";"       .";"       .";"   75498";"    63.9";"       .";"       .";"   -8047";"   13557";"    11.5";" 1187376"
"Total male and female";"1948";"Noord-Nederland (LD)";" 1187376";"       .";"   28881";"    24.2";"    9365";"     7.9";"   19516";"   58126";"    48.7";"       .";"       .";"   67657";"    56.7";"       .";"       .";"   -9531";"   10935";"     9.2";" 1198311"
"Total male and female";"1949";"Noord-Nederland (LD)";" 1198311";"       .";"   27174";"    22.6";"   10477";"     8.7";"   16697";"   51656";"    43.0";"       .";"       .";"   60780";"    50.6";"       .";"       .";"   -9124";"    7573";"     6.3";" 1205884"
"Total male and female";"1950";"Noord-Nederland (LD)";" 1205884";"       .";"   26207";"    21.7";"    9731";"     8.0";"   16476";"   55102";"    45.5";"       .";"       .";"   62850";"    51.9";"       .";"       .";"   -7748";"    8728";"     7.2";" 1214612"
"Total male and female";"1951";"Noord-Nederland (LD)";" 1214612";"       .";"   26540";"    21.8";"    9483";"     7.8";"   17057";"   56710";"    46.6";"       .";"       .";"   70551";"    58.0";"       .";"       .";"  -13841";"    3216";"     2.6";" 1217828"
"Total male and female";"1952";"Noord-Nederland (LD)";" 1217828";"       .";"   27124";"    22.2";"    9611";"     7.9";"   17513";"   52869";"    43.3";"       .";"       .";"   65261";"    53.5";"       .";"       .";"  -12392";"    5121";"     4.2";" 1222949"
"Total male and female";"1953";"Noord-Nederland (LD)";" 1222949";"       .";"   26750";"    21.8";"    9723";"     7.9";"   17027";"   55400";"    45.2";"       .";"       .";"   65978";"    53.8";"       .";"       .";"  -10578";"    6164";"     5.0";" 1229113"
"Total male and female";"1954";"Noord-Nederland (LD)";" 1229113";"       .";"   26359";"    21.4";"    9834";"     8.0";"   16525";"   53713";"    43.7";"       .";"       .";"   67150";"    54.6";"       .";"       .";"  -13437";"    2818";"     2.3";" 1231931"
"Total male and female";"1955";"Noord-Nederland (LD)";" 1231931";"       .";"   26243";"    21.3";"   10016";"     8.1";"   16227";"   54708";"    44.4";"       .";"       .";"   69227";"    56.2";"       .";"       .";"  -14519";"    1402";"     1.1";" 1233333"
"Total male and female";"1956";"Noord-Nederland (LD)";" 1233333";"       .";"   25825";"    20.9";"   10208";"     8.3";"   15617";"   57199";"    46.3";"       .";"       .";"   70980";"    57.5";"       .";"       .";"  -13781";"    1834";"     1.5";" 1235167"
"Total male and female";"1957";"Noord-Nederland (LD)";" 1235177";"       .";"   25710";"    20.8";"   10053";"     8.1";"   15657";"   61865";"    50.0";"       .";"       .";"   72670";"    58.7";"       .";"       .";"  -10805";"    5502";"     4.5";" 1240679"
"Total male and female";"1958";"Noord-Nederland (LD)";" 1240679";"       .";"   25639";"    20.6";"   10072";"     8.1";"   15567";"   60276";"    48.3";"       .";"       .";"   66063";"    53.0";"       .";"       .";"   -5787";"   13838";"    11.2";" 1254517"
"Total male and female";"1959";"Noord-Nederland (LD)";" 1254517";"       .";"   26066";"    20.7";"   10397";"     8.3";"   15669";"   57952";"    46.0";"       .";"       .";"   64128";"    50.9";"       .";"       .";"   -6176";"    9542";"     7.6";" 1264059"
"Total male and female";"1960";"Noord-Nederland (LD)";" 1264059";"       .";"   25914";"    20.4";"   10583";"     8.3";"   15331";"   60976";"    48.1";"    2366";"   58610";"   68465";"    54.0";"    3030";"   65435";"   -7489";"    7943";"     6.3";" 1272002"
"Total male and female";"1961";"Noord-Nederland (LD)";" 1272002";"       .";"   26345";"    20.6";"   10113";"     7.9";"   16232";"   63597";"    49.8";"    2531";"   61066";"   68053";"    53.2";"    2250";"   65803";"   -4456";"   12519";"     9.8";" 1284521"
"Total male and female";"1962";"Noord-Nederland (LD)";" 1284521";"       .";"   26254";"    20.3";"   11092";"     8.6";"   15162";"   65098";"    50.4";"    3415";"   61683";"   67252";"    52.1";"    2349";"   64903";"   -2154";"   13035";"    10.1";" 1297556"
"Total male and female";"1963";"Noord-Nederland (LD)";" 1297556";"       .";"   26948";"    20.6";"   11336";"     8.7";"   15612";"   65650";"    50.3";"    2238";"   63412";"   66238";"    50.8";"    2223";"   64015";"    -588";"   15100";"    11.6";" 1312656"
"Total male and female";"1964";"Noord-Nederland (LD)";" 1312656";"       .";"   27402";"    20.7";"   10884";"     8.2";"   16518";"   71542";"    54.2";"    2513";"   69029";"   71307";"    54.0";"    2381";"   68926";"     235";"   16743";"    12.8";" 1329399"
"Total male and female";"1965";"Noord-Nederland (LD)";" 1329399";"       .";"   27473";"    20.5";"   11431";"     8.5";"   16042";"   72063";"    53.9";"    3070";"   68993";"   71738";"    53.6";"    2462";"   69276";"     325";"   16376";"    12.3";" 1345775"
"Total male and female";"1966";"Noord-Nederland (LD)";" 1345775";"       .";"   27349";"    20.2";"   11879";"     8.8";"   15470";"   73976";"    54.6";"    2694";"   71282";"   72725";"    53.7";"    2273";"   70452";"    1251";"   16710";"    12.4";" 1362485"
"Total male and female";"1967";"Noord-Nederland (LD)";" 1362485";"       .";"   27410";"    20.0";"   11685";"     8.5";"   15725";"   70186";"    51.2";"    2228";"   67958";"   71179";"    52.0";"    2559";"   68620";"    -993";"   14722";"    10.8";" 1377207"
"Total male and female";"1968";"Noord-Nederland (LD)";" 1377207";"       .";"   27316";"    19.7";"   12479";"     9.0";"   14837";"   73171";"    52.9";"    2363";"   70808";"   74862";"    54.1";"    2823";"   72039";"   -1691";"   13106";"     9.5";" 1390313"
"Total male and female";"1969";"Noord-Nederland (LD)";" 1390313";"       .";"   28694";"    20.5";"   12766";"     9.1";"   15928";"   77221";"    55.2";"    3026";"   74195";"   77800";"    55.7";"    2573";"   75227";"    -579";"   15333";"    11.0";" 1405646"
"Total male and female";"1970";"Noord-Nederland (LD)";" 1405646";"       .";"   27868";"    19.7";"   12875";"     9.1";"   14993";"   77690";"    55.0";"    3510";"   74180";"   76550";"    54.1";"    2762";"   73788";"    1140";"   16108";"    11.5";" 1421754"
"Total male and female";"1971";"Noord-Nederland (LD)";" 1421754";"       .";"   26566";"    18.6";"   13046";"     9.1";"   13520";"   84326";"    59.0";"    3692";"   80634";"   81012";"    56.6";"    2915";"   78097";"    3314";"   16920";"    11.9";" 1438674"
"Total male and female";"1972";"Noord-Nederland (LD)";" 1438674";"       .";"   25474";"    17.6";"   13322";"     9.2";"   12152";"   83251";"    57.5";"    3521";"   79730";"   78090";"    54.0";"    2742";"   75348";"    5161";"   17309";"    12.0";" 1455983"
"Total male and female";"1973";"Noord-Nederland (LD)";" 1455983";"       .";"   22880";"    15.6";"   13232";"     9.0";"    9648";"   90912";"    62.1";"    3415";"   87497";"   82888";"    56.6";"    2803";"   80085";"    8024";"   17628";"    12.1";" 1473611"
"Total male and female";"1974";"Noord-Nederland (LD)";" 1473611";"       .";"   21555";"    14.5";"   13096";"     8.8";"    8459";"   93932";"    63.4";"    4240";"   89692";"   85277";"    57.5";"    2987";"   82290";"    8655";"   17057";"    11.6";" 1490668"
"Total male and female";"1975";"Noord-Nederland (LD)";" 1490668";"       .";"   20484";"    13.7";"   13673";"     9.1";"    6811";"   89719";"    59.9";"    6426";"   83293";"   80574";"    53.8";"    2644";"   77930";"    9145";"   15932";"    10.7";" 1506600"
"Total male and female";"1976";"Noord-Nederland (LD)";" 1506600";"       .";"   20319";"    13.4";"   13711";"     9.1";"    6608";"   87133";"    57.6";"    4233";"   82900";"   80147";"    53.0";"    3024";"   77123";"    6986";"   13580";"     9.0";" 1520180"
"Total male and female";"1977";"Noord-Nederland (LD)";" 1520180";"       .";"   19405";"    12.7";"   13171";"     8.6";"    6234";"   87198";"    57.1";"    4231";"   82967";"   80050";"    52.4";"    3347";"   76703";"    7148";"   13438";"     8.8";" 1533618"
"Total male and female";"1978";"Noord-Nederland (LD)";" 1533607";"       .";"   19654";"    12.8";"   13856";"     9.0";"    5798";"   79642";"    51.7";"    4734";"   74908";"   73694";"    47.9";"    3533";"   70161";"    5948";"   11889";"     7.8";" 1545496"
"Total male and female";"1979";"Noord-Nederland (LD)";" 1545496";"       .";"   19616";"    12.6";"   13330";"     8.6";"    6286";"   73057";"    47.1";"    5541";"   67516";"   68694";"    44.3";"    3419";"   65275";"    4363";"   10681";"     6.9";" 1556177"
"Total male and female";"1980";"Noord-Nederland (LD)";" 1556177";"       .";"   20634";"    13.2";"   13692";"     8.8";"    6942";"   74994";"    48.0";"    5907";"   69087";"   70506";"    45.1";"    3503";"   67003";"    4488";"   11472";"     7.4";" 1567649"
"Total male and female";"1981";"Noord-Nederland (LD)";" 1567649";"       .";"   20186";"    12.8";"   13695";"     8.7";"    6491";"   69246";"    44.1";"    4295";"   64951";"   68253";"    43.4";"    3878";"   64375";"     993";"    7487";"     4.8";" 1575136"
"Total male and female";"1982";"Noord-Nederland (LD)";" 1575136";"       .";"   19504";"    12.4";"   14032";"     8.9";"    5472";"   70141";"    44.5";"    3671";"   66470";"   70165";"    44.5";"    3748";"   66417";"     -24";"    5540";"     3.5";" 1580676"
"Total male and female";"1983";"Noord-Nederland (LD)";" 1580676";"       .";"   19183";"    12.1";"   13896";"     8.8";"    5287";"   69819";"    44.1";"    3600";"   66219";"   69854";"    44.1";"    3189";"   66665";"     -35";"    5428";"     3.4";" 1586104"
"Total male and female";"1984";"Noord-Nederland (LD)";" 1586104";"       .";"   19107";"    12.0";"   14255";"     9.0";"    4852";"   67920";"    42.8";"    3448";"   64472";"   70659";"    44.5";"    3589";"   67070";"   -2739";"    2126";"     1.3";" 1588230"
"Total male and female";"1985";"Noord-Nederland (LD)";" 1588230";"       .";"   19541";"    12.3";"   14632";"     9.2";"    4909";"   71361";"    44.9";"    3753";"   67608";"   74465";"    46.9";"    3170";"   71295";"   -3104";"    1864";"     1.2";" 1590094"
"Total male and female";"1986";"Noord-Nederland (LD)";" 1590094";"       .";"   19755";"    12.4";"   14755";"     9.3";"    5000";"   74219";"    46.7";"    4150";"   70069";"   77914";"    49.0";"    3305";"   74609";"   -3695";"    1383";"     0.9";" 1591477"
"Total male and female";"1987";"Noord-Nederland (LD)";" 1591477";"       .";"   19495";"    12.2";"   14457";"     9.1";"    5038";"   74226";"    46.6";"    4293";"   69933";"   78285";"    49.2";"    3318";"   74967";"   -4059";"     970";"     0.6";" 1592447"
"Total male and female";"1988";"Noord-Nederland (LD)";" 1592447";"       .";"   18976";"    11.9";"   14710";"     9.2";"    4266";"   76954";"    48.3";"    4882";"   72072";"   80234";"    50.4";"    4020";"   76214";"   -3280";"    1009";"     0.6";" 1593456"
"Total male and female";"1989";"Noord-Nederland (LD)";" 1593456";"       .";"   18968";"    11.9";"   14890";"     9.3";"    4078";"   77541";"    48.7";"    5309";"   72232";"   81048";"    50.9";"    4167";"   76881";"   -3507";"     567";"     0.4";" 1594023"
"Total male and female";"1990";"Noord-Nederland (LD)";" 1594041";"       .";"   19526";"    12.2";"   15037";"     9.4";"    4489";"   76021";"    47.6";"    6615";"   69406";"   76444";"    47.9";"    4062";"   72382";"    -423";"    4086";"     2.6";" 1598127"
"Total male and female";"1991";"Noord-Nederland (LD)";" 1598127";"       .";"   19742";"    12.3";"   14972";"     9.4";"    4770";"   77147";"    48.2";"    6954";"   70193";"   77390";"    48.4";"    4378";"   73012";"    -243";"    4527";"     2.8";" 1602654"
"Total male and female";"1992";"Noord-Nederland (LD)";" 1602661";"       .";"   19036";"    11.9";"   14831";"     9.2";"    4205";"   77385";"    48.2";"    6569";"   70816";"   76614";"    47.7";"    4229";"   72385";"     771";"    4976";"     3.1";" 1607637"
"Total male and female";"1993";"Noord-Nederland (LD)";" 1607651";"       .";"   19274";"    12.0";"   15834";"     9.8";"    3440";"   81800";"    50.8";"    8488";"   73312";"   77848";"    48.3";"    3963";"   73885";"    3952";"    7392";"     4.6";" 1615043"
"Total male and female";"1994";"Noord-Nederland (LD)";" 1615032";"       .";"   19178";"    11.8";"   15154";"     9.4";"    4024";"   82486";"    51.0";"    6725";"   75761";"   79335";"    49.0";"    4371";"   74964";"    3151";"    7406";"     4.6";" 1622438"
"Total male and female";"1995";"Noord-Nederland (LD)";" 1622438";"     194";"   19188";"    11.8";"   15614";"     9.6";"    3574";"   80995";"    49.8";"    7178";"   73817";"   79569";"    49.0";"    5236";"   74333";"    1426";"    5019";"     3.1";" 1627457"
"Total male and female";"1996";"Noord-Nederland (LD)";" 1627457";"     195";"   18921";"    11.6";"   15827";"     9.7";"    3094";"   87018";"    53.4";"    8585";"   78433";"   83975";"    51.5";"    5024";"   78951";"    3043";"    6519";"     4.0";" 1633976"
"Total male and female";"1997";"Noord-Nederland (LD)";" 1633986";"     196";"   19305";"    11.8";"   15525";"     9.5";"    3780";"   86670";"    52.9";"    9791";"   76879";"   84209";"    51.4";"    4813";"   79396";"    2461";"    6818";"     4.2";" 1640804"
"Total male and female";"1998";"Noord-Nederland (LD)";" 1640804";"     196";"   19831";"    12.1";"   15669";"     9.5";"    4162";"   88715";"    53.9";"   10944";"   77771";"   85442";"    52.0";"    4081";"   81361";"    3273";"    7499";"     4.6";" 1648303"
"Total male and female";"1999";"Noord-Nederland (LD)";" 1648303";"     197";"   20084";"    12.2";"   15917";"     9.6";"    4167";"   86742";"    52.5";"   10404";"   76338";"   82503";"    49.9";"    4436";"   78067";"    4239";"    8649";"     5.2";" 1656952"
"Total male and female";"2000";"Noord-Nederland (LD)";" 1656952";"     199";"   20341";"    12.2";"   15759";"     9.5";"    4582";"   87313";"    52.5";"   14474";"   72839";"   77474";"    46.6";"    5351";"   72123";"    9839";"   14582";"     8.8";" 1671534"
"Total male and female";"2001";"Noord-Nederland (LD)";" 1671534";"     200";"   20380";"    12.1";"   15986";"     9.5";"    4394";"   86511";"    51.5";"   14338";"   72173";"   77157";"    46.0";"    4955";"   72202";"    9354";"   13929";"     8.3";" 1685463"
"Total male and female";"2002";"Noord-Nederland (LD)";" 1685463";"     202";"   20273";"    12.0";"   16087";"     9.5";"    4186";"   85567";"    50.6";"   12585";"   72982";"   81147";"    48.0";"    7084";"   74063";"    4420";"    8575";"     5.1";" 1694038"
"Total male and female";"2003";"Noord-Nederland (LD)";" 1694038";"     203";"   19886";"    11.7";"   15840";"     9.3";"    4046";"   80794";"    47.6";"    8456";"   72338";"   80556";"    47.5";"    8053";"   72503";"     238";"    4827";"     2.8";" 1698865"
"Total male and female";"2004";"Noord-Nederland (LD)";" 1698865";"     204";"   19012";"    11.2";"   15356";"     9.0";"    3656";"   78310";"    46.1";"    7279";"   71031";"   79780";"    46.9";"    7991";"   71789";"   -1470";"    2553";"     1.5";" 1701418"
"Total male and female";"2005";"Noord-Nederland (LD)";" 1701418";"     204";"   18419";"    10.8";"   15171";"     8.9";"    3248";"   81126";"    47.7";"    6645";"   74481";"   85285";"    50.1";"    9603";"   75682";"   -4159";"    -665";"    -0.4";" 1700753"
"Total male and female";"2006";"Noord-Nederland (LD)";" 1700753";"     205";"   18084";"    10.6";"   15527";"     9.1";"    2557";"   82446";"    48.5";"    6833";"   75613";"   84134";"    49.5";"    8960";"   75174";"   -1688";"    1267";"     0.7";" 1702020"
"Total male and female";"2007";"Noord-Nederland (LD)";" 1702020";"     205";"   17594";"    10.3";"   14860";"     8.7";"    2734";"   83316";"    48.9";"    8059";"   75257";"   83613";"    49.1";"    7975";"   75638";"    -297";"    2763";"     1.6";" 1704783"
"Total male and female";"2008";"Noord-Nederland (LD)";" 1704783";"     205";"   17848";"    10.5";"   15365";"     9.0";"    2483";"   85045";"    49.8";"   10206";"   74839";"   83856";"    49.1";"    8037";"   75819";"    1189";"    4038";"     2.4";" 1708821"
"Total male and female";"2009";"Noord-Nederland (LD)";" 1708821";"     206";"   18041";"    10.5";"   15379";"     9.0";"    2662";"   78822";"    46.1";"   11231";"   67591";"   76471";"    44.7";"    7598";"   68873";"    2351";"    5133";"     3.0";" 1713954"
"Total male and female";"2010";"Noord-Nederland (LD)";" 1713954";"     206";"   17494";"    10.2";"   15535";"     9.1";"    1959";"   77123";"    44.9";"   11911";"   65212";"   75302";"    43.9";"    8078";"   67224";"    1821";"    3775";"     2.2";" 1717729"
"Total male and female";"2011";"Noord-Nederland (LD)";" 1717729";"     207";"   17124";"    10.0";"   15522";"     9.0";"    1602";"   77931";"    45.4";"   11683";"   66248";"   78329";"    45.6";"    9811";"   68518";"    -398";"    1167";"     0.7";" 1718896"
"Total male and female";"2012";"Noord-Nederland (LD)";" 1718896";"     207";"   16512";"     9.6";"   16182";"     9.4";"     330";"   78936";"    45.9";"   11386";"   67550";"   79689";"    46.4";"    9891";"   69798";"    -753";"    -411";"    -0.2";" 1718485"
"Total male and female";"2013";"Noord-Nederland (LD)";" 1718485";"     207";"   15763";"     9.2";"   16113";"     9.4";"    -350";"   80051";"    46.6";"   11924";"   68127";"   80205";"    46.7";"    9358";"   70847";"    -154";"    -452";"    -0.3";" 1718033"
"Total male and female";"2014";"Noord-Nederland (LD)";" 1718033";"     207";"   16026";"     9.3";"   15725";"     9.2";"     301";"   85751";"    49.9";"   14919";"   70832";"   85287";"    49.6";"   10454";"   74833";"     464";"     742";"     0.4";" 1718775"
"Total male and female";"2015";"Noord-Nederland (LD)";" 1718775";"     207";"   15369";"     8.9";"   16515";"     9.6";"   -1146";"   93401";"    54.3";"   18984";"   74417";"   92655";"    53.9";"    9964";"   82691";"     746";"    -385";"    -0.2";" 1718390"
"Total male and female";"2016";"Noord-Nederland (LD)";" 1718390";"     207";"   15631";"     9.1";"   16953";"     9.9";"   -1322";"  111541";"    64.8";"   28035";"   83506";"  106344";"    61.8";"   10273";"   96071";"    5197";"    3857";"     2.2";" 1722247"
"Total male and female";"2017";"Noord-Nederland (LD)";" 1722247";"     208";"   15250";"     8.9";"   17130";"     9.9";"   -1880";"  118206";"    68.6";"   31714";"   86492";"  116206";"    67.5";"   10506";"  105700";"    2000";"      65";"     0.0";" 1722312"
"Total male and female";"2018";"Noord-Nederland (LD)";" 1722312";"     208";"   14704";"     8.5";"   17416";"    10.1";"   -2712";"  104576";"    60.7";"   23599";"   80977";"  100343";"    58.2";"   10066";"   90277";"    4233";"    1517";"     0.9";" 1723829"
"Total male and female";"2019";"Noord-Nederland (LD)";" 1723829";"     208";"   15109";"     8.8";"   16899";"     9.8";"   -1790";"  102028";"    59.1";"   23861";"   78167";"   94534";"    54.7";"   10582";"   83952";"    7494";"    5676";"     3.3";" 1729505"
"Total male and female";"2020";"Noord-Nederland (LD)";" 1729505";"     209";"   14932";"     8.6";"   17720";"    10.2";"   -2788";"   99608";"    57.5";"   19446";"   80162";"   93165";"    53.8";"   10220";"   82945";"    6443";"    3638";"     2.1";" 1733143"
"Total male and female";"2021";"Noord-Nederland (LD)";" 1733143";"       0";"   16068";"     9.2";"   19146";"    11.0";"   -3078";"  109759";"    63.2";"   27789";"   81970";"   97902";"    56.3";"    9717";"   88185";"   11857";"    8789";"     5.1";" 1741932"
"Total male and female";"1942";"Oost-Nederland (LD)";" 1542590";"       .";"   34374";"    22.1";"   14576";"     9.4";"   19798";"   82678";"    53.1";"       .";"       .";"   75737";"    48.7";"       .";"       .";"    6941";"   26610";"    17.3";" 1569200"
"Total male and female";"1943";"Oost-Nederland (LD)";" 1569200";"       .";"   37806";"    23.7";"   16329";"    10.3";"   21477";"   98975";"    62.1";"       .";"       .";"   73783";"    46.3";"       .";"       .";"   25192";"   46669";"    29.7";" 1615869"
"Total male and female";"1944";"Oost-Nederland (LD)";" 1615869";"       .";"   39193";"    24.1";"   20346";"    12.5";"   18847";"   60461";"    37.2";"       .";"       .";"   57126";"    35.1";"       .";"       .";"    3335";"   22182";"    13.7";" 1638051"
"Total male and female";"1945";"Oost-Nederland (LD)";" 1638051";"       .";"   38874";"    23.8";"   25145";"    15.4";"   13729";"   89893";"    55.1";"       .";"       .";"  114576";"    70.2";"       .";"       .";"  -24683";"  -10954";"    -6.7";" 1627097"
"Total male and female";"1946";"Oost-Nederland (LD)";" 1627097";"       .";"   49717";"    30.3";"   14732";"     9.0";"   34985";"  112997";"    68.9";"       .";"       .";"  121742";"    74.2";"       .";"       .";"   -8745";"   26240";"    16.1";" 1653337"
"Total male and female";"1947";"Oost-Nederland (LD)";" 1653337";"       .";"   46728";"    28.0";"   13748";"     8.2";"   32980";"   88745";"    53.2";"       .";"       .";"   91545";"    54.9";"       .";"       .";"   -2800";"   30180";"    18.3";" 1683517"
"Total male and female";"1948";"Oost-Nederland (LD)";" 1683517";"       .";"   43994";"    25.9";"   12673";"     7.5";"   31321";"   78012";"    45.9";"       .";"       .";"   79905";"    47.0";"       .";"       .";"   -1893";"   30471";"    18.1";" 1713988"
"Total male and female";"1949";"Oost-Nederland (LD)";" 1713988";"       .";"   42037";"    24.3";"   14325";"     8.3";"   27712";"   71857";"    41.6";"       .";"       .";"   74387";"    43.1";"       .";"       .";"   -2530";"   25690";"    15.0";" 1739678"
"Total male and female";"1950";"Oost-Nederland (LD)";" 1747642";"       .";"   41233";"    23.4";"   13420";"     7.6";"   27813";"   85403";"    48.4";"       .";"       .";"   77710";"    44.0";"       .";"       .";"    7693";"   35569";"    20.4";" 1783211"
"Total male and female";"1951";"Oost-Nederland (LD)";" 1783211";"       .";"   41973";"    23.4";"   13890";"     7.7";"   28083";"   87156";"    48.5";"       .";"       .";"   88875";"    49.5";"       .";"       .";"   -1719";"   26364";"    14.8";" 1809575"
"Total male and female";"1952";"Oost-Nederland (LD)";" 1809575";"       .";"   43219";"    23.7";"   13418";"     7.4";"   29801";"   83182";"    45.7";"       .";"       .";"   89614";"    49.2";"       .";"       .";"   -6432";"   23369";"    12.9";" 1832944"
"Total male and female";"1953";"Oost-Nederland (LD)";" 1832944";"       .";"   42327";"    22.9";"   13966";"     7.6";"   28361";"   86156";"    46.7";"       .";"       .";"   88368";"    47.9";"       .";"       .";"   -2212";"   25927";"    14.1";" 1858871"
"Total male and female";"1954";"Oost-Nederland (LD)";" 1858871";"       .";"   42423";"    22.7";"   13988";"     7.5";"   28435";"   88710";"    47.4";"       .";"       .";"   91148";"    48.7";"       .";"       .";"   -2438";"   26024";"    14.0";" 1884895"
"Total male and female";"1955";"Oost-Nederland (LD)";" 1884895";"       .";"   42841";"    22.6";"   14542";"     7.7";"   28299";"   89043";"    46.9";"       .";"       .";"   88720";"    46.7";"       .";"       .";"     323";"   28401";"    15.1";" 1913296"
"Total male and female";"1956";"Oost-Nederland (LD)";" 1913296";"       .";"   42947";"    22.3";"   14873";"     7.7";"   28074";"   93830";"    48.7";"       .";"       .";"   92173";"    47.8";"       .";"       .";"    1657";"   29767";"    15.6";" 1943063"
"Total male and female";"1957";"Oost-Nederland (LD)";" 1943080";"       .";"   43528";"    22.2";"   14517";"     7.4";"   29011";"   94807";"    48.4";"       .";"       .";"   95099";"    48.6";"       .";"       .";"    -292";"   28691";"    14.8";" 1971771"
"Total male and female";"1958";"Oost-Nederland (LD)";" 1972097";"       .";"   44469";"    22.3";"   14640";"     7.4";"   29829";"   97567";"    49.0";"       .";"       .";"   94695";"    47.6";"       .";"       .";"    2872";"   38240";"    19.4";" 2010337"
"Total male and female";"1959";"Oost-Nederland (LD)";" 2010337";"       .";"   45272";"    22.3";"   15226";"     7.5";"   30046";"   94369";"    46.6";"       .";"       .";"   93754";"    46.3";"       .";"       .";"     615";"   30684";"    15.3";" 2041021"
"Total male and female";"1960";"Oost-Nederland (LD)";" 2037733";"       .";"   45018";"    21.9";"   15349";"     7.5";"   29669";"  100950";"    49.1";"    6612";"   94338";"   97306";"    47.4";"    7312";"   89994";"    3644";"   33447";"    16.4";" 2071180"
"Total male and female";"1961";"Oost-Nederland (LD)";" 2071180";"       .";"   46523";"    22.3";"   15914";"     7.6";"   30609";"  102023";"    48.8";"    8803";"   93220";"   93457";"    44.7";"    6250";"   87207";"    8566";"   38533";"    18.6";" 2109713"
"Total male and female";"1962";"Oost-Nederland (LD)";" 2109713";"       .";"   46870";"    22.0";"   16910";"     7.9";"   29960";"  102446";"    48.1";"   10285";"   92161";"   95948";"    45.1";"    6515";"   89433";"    6498";"   36378";"    17.2";" 2146091"
"Total male and female";"1963";"Oost-Nederland (LD)";" 2175176";"       .";"   47880";"    21.9";"   17251";"     7.9";"   30629";"  104404";"    47.7";"    8568";"   95836";"   99801";"    45.6";"    6636";"   93165";"    4603";"   31295";"    14.4";" 2206471"
"Total male and female";"1964";"Oost-Nederland (LD)";" 2206471";"       .";"   48394";"    21.7";"   16751";"     7.5";"   31643";"  111845";"    50.2";"   11700";"  100145";"  104602";"    47.0";"    7665";"   96937";"    7243";"   38874";"    17.6";" 2245345"
"Total male and female";"1965";"Oost-Nederland (LD)";" 2245345";"       .";"   47772";"    21.1";"   17693";"     7.8";"   30079";"  118146";"    52.2";"   11940";"  106206";"  108937";"    48.1";"    8786";"  100151";"    9209";"   39234";"    17.5";" 2284579"
"Total male and female";"1966";"Oost-Nederland (LD)";" 2284579";"       .";"   47427";"    20.6";"   18432";"     8.0";"   28995";"  121461";"    52.7";"   11413";"  110048";"  113251";"    49.2";"    9195";"  104056";"    8210";"   37121";"    16.2";" 2321700"
"Total male and female";"1967";"Oost-Nederland (LD)";" 2321700";"       .";"   47688";"    20.4";"   18198";"     7.8";"   29490";"  114988";"    49.2";"    7803";"  107185";"  113632";"    48.6";"   10019";"  103613";"    1356";"   30770";"    13.3";" 2352470"
"Total male and female";"1968";"Oost-Nederland (LD)";" 2352470";"       .";"   47790";"    20.2";"   19333";"     8.2";"   28457";"  121932";"    51.5";"    8615";"  113317";"  115996";"    49.0";"    7471";"  108525";"    5936";"   34301";"    14.6";" 2386786"
"Total male and female";"1969";"Oost-Nederland (LD)";" 2386786";"       .";"   49856";"    20.7";"   19948";"     8.3";"   29908";"  129569";"    53.8";"   12141";"  117428";"  119564";"    49.7";"    7995";"  111569";"   10005";"   39856";"    16.7";" 2426642"
"Total male and female";"1970";"Oost-Nederland (LD)";" 2426642";"       .";"   48426";"    19.8";"   20354";"     8.3";"   28072";"  132414";"    54.1";"   13858";"  118556";"  120352";"    49.2";"    8456";"  111896";"   12062";"   40044";"    16.5";" 2466686"
"Total male and female";"1971";"Oost-Nederland (LD)";" 2466686";"       .";"   45878";"    18.5";"   20341";"     8.2";"   25537";"  142141";"    57.2";"   13776";"  128365";"  130023";"    52.3";"    9238";"  120785";"   12118";"   37530";"    15.2";" 2504216"
"Total male and female";"1972";"Oost-Nederland (LD)";" 2504216";"       .";"   43464";"    17.2";"   21249";"     8.4";"   22215";"  142504";"    56.5";"   11661";"  130843";"  132406";"    52.5";"    9216";"  123190";"   10098";"   32168";"    12.8";" 2536384"
"Total male and female";"1973";"Oost-Nederland (LD)";" 2536384";"       .";"   40393";"    15.8";"   20864";"     8.2";"   19529";"  145069";"    56.8";"   13042";"  132027";"  132972";"    52.1";"    8963";"  124009";"   12097";"   31467";"    12.4";" 2567851"
"Total male and female";"1974";"Oost-Nederland (LD)";" 2567851";"       .";"   38494";"    14.9";"   20444";"     7.9";"   18050";"  146713";"    56.8";"   13388";"  133325";"  134590";"    52.1";"    8897";"  125693";"   12123";"   30182";"    11.8";" 2598031"
"Total male and female";"1975";"Oost-Nederland (LD)";" 2598031";"       .";"   36637";"    14.0";"   21023";"     8.0";"   15614";"  138183";"    52.9";"   16104";"  122079";"  126135";"    48.3";"    8297";"  117838";"   12048";"   27535";"    10.6";" 2625566"
"Total male and female";"1976";"Oost-Nederland (LD)";" 2625566";"       .";"   36416";"    13.8";"   21378";"     8.1";"   15038";"  132438";"    50.2";"   11303";"  121135";"  126414";"    48.0";"    8736";"  117678";"    6024";"   20903";"     8.0";" 2646469"
"Total male and female";"1977";"Oost-Nederland (LD)";" 2646469";"       .";"   35713";"    13.4";"   20649";"     7.8";"   15064";"  127898";"    48.1";"   11844";"  116054";"  119912";"    45.1";"    9279";"  110633";"    7986";"   23037";"     8.7";" 2669506"
"Total male and female";"1978";"Oost-Nederland (LD)";" 2669517";"       .";"   35810";"    13.4";"   21423";"     8.0";"   14387";"  118331";"    44.2";"   12652";"  105679";"  111742";"    41.7";"    8370";"  103372";"    6589";"   20940";"     7.8";" 2690280"
"Total male and female";"1979";"Oost-Nederland (LD)";" 2690280";"       .";"   35603";"    13.2";"   21072";"     7.8";"   14531";"  112823";"    41.8";"   14286";"   98537";"  105044";"    38.9";"    8682";"   96362";"    7779";"   22344";"     8.3";" 2712624"
"Total male and female";"1980";"Oost-Nederland (LD)";" 2712624";"       .";"   36736";"    13.5";"   21421";"     7.9";"   15315";"  115703";"    42.5";"   15772";"   99931";"  107029";"    39.3";"    8400";"   98629";"    8674";"   24072";"     8.9";" 2736696"
"Total male and female";"1981";"Oost-Nederland (LD)";" 2736696";"       .";"   35688";"    13.0";"   21498";"     7.8";"   14190";"  107740";"    39.3";"   11173";"   96567";"  105731";"    38.5";"    9112";"   96619";"    2009";"   16204";"     5.9";" 2752900"
"Total male and female";"1982";"Oost-Nederland (LD)";" 2752900";"       .";"   34879";"    12.6";"   22148";"     8.0";"   12731";"  108726";"    39.4";"    9577";"   99149";"  108643";"    39.4";"    9774";"   98869";"      83";"   12956";"     4.7";" 2765856"
"Total male and female";"1983";"Oost-Nederland (LD)";" 2765856";"       .";"   34383";"    12.4";"   22473";"     8.1";"   11910";"  107178";"    38.7";"    9250";"   97928";"  107133";"    38.7";"    9003";"   98130";"      45";"   12001";"     4.3";" 2777857"
"Total male and female";"1984";"Oost-Nederland (LD)";" 2777857";"       .";"   34754";"    12.5";"   23076";"     8.3";"   11678";"  109904";"    39.5";"    9259";"  100645";"  109326";"    39.3";"    8943";"  100383";"     578";"   12310";"     4.4";" 2790167"
"Total male and female";"1985";"Oost-Nederland (LD)";" 2790167";"       .";"   35386";"    12.6";"   23558";"     8.4";"   11828";"  115743";"    41.4";"   10179";"  105564";"  112906";"    40.4";"    8575";"  104331";"    2837";"   14686";"     5.3";" 2804853"
"Total male and female";"1986";"Oost-Nederland (LD)";" 2937577";"       .";"   39311";"    13.3";"   24369";"     8.3";"   14942";"  136398";"    46.2";"   11957";"  124441";"  127659";"    43.3";"    9017";"  118642";"    8739";"   23675";"     8.1";" 2961252"
"Total male and female";"1987";"Oost-Nederland (LD)";" 2961252";"       .";"   39522";"    13.3";"   23775";"     8.0";"   15747";"  138404";"    46.5";"   12910";"  125494";"  128156";"    43.1";"    8952";"  119204";"   10248";"   26094";"     8.8";" 2987346"
"Total male and female";"1988";"Oost-Nederland (LD)";" 2987346";"       .";"   39457";"    13.2";"   24403";"     8.1";"   15054";"  136053";"    45.4";"   13194";"  122859";"  126348";"    42.1";"    9197";"  117151";"    9705";"   24959";"     8.4";" 3012305"
"Total male and female";"1989";"Oost-Nederland (LD)";" 3012305";"       .";"   39822";"    13.2";"   25637";"     8.5";"   14185";"  138679";"    45.9";"   14219";"  124460";"  129214";"    42.7";"   10635";"  118579";"    9465";"   23798";"     7.9";" 3036103"
"Total male and female";"1990";"Oost-Nederland (LD)";" 3036140";"       .";"   41702";"    13.7";"   25491";"     8.4";"   16211";"  133200";"    43.7";"   15451";"  117749";"  120889";"    39.6";"    9657";"  111232";"   12311";"   28625";"     9.4";" 3064765"
"Total male and female";"1991";"Oost-Nederland (LD)";" 3064765";"       .";"   41823";"    13.6";"   25971";"     8.4";"   15852";"  135442";"    44.0";"   16302";"  119140";"  122163";"    39.7";"    9801";"  112362";"   13279";"   29131";"     9.5";" 3093896"
"Total male and female";"1992";"Oost-Nederland (LD)";" 3094049";"       .";"   41389";"    13.3";"   25990";"     8.4";"   15399";"  138728";"    44.6";"   16150";"  122578";"  125801";"    40.5";"   10609";"  115192";"   12927";"   28358";"     9.2";" 3122407"
"Total male and female";"1993";"Oost-Nederland (LD)";" 3122407";"       .";"   41604";"    13.3";"   27801";"     8.9";"   13803";"  140561";"    44.8";"   16619";"  123942";"  127022";"    40.5";"   10101";"  116921";"   13539";"   27342";"     8.8";" 3149749"
"Total male and female";"1994";"Oost-Nederland (LD)";" 3149749";"       .";"   41853";"    13.2";"   26566";"     8.4";"   15287";"  139895";"    44.2";"   15842";"  124053";"  127688";"    40.4";"    9692";"  117996";"   12207";"   27697";"     8.8";" 3177446"
"Total male and female";"1995";"Oost-Nederland (LD)";" 3177446";"     326";"   40687";"    12.8";"   26925";"     8.4";"   13762";"  142225";"    44.6";"   16406";"  125819";"  130156";"    40.8";"   11313";"  118843";"   12069";"   25662";"     8.1";" 3203108"
"Total male and female";"1996";"Oost-Nederland (LD)";" 3203108";"     328";"   40655";"    12.6";"   27620";"     8.6";"   13035";"  145410";"    45.2";"   16514";"  128896";"  136685";"    42.5";"   12370";"  124315";"    8725";"   22427";"     7.0";" 3225535"
"Total male and female";"1997";"Oost-Nederland (LD)";" 3225525";"     331";"   41359";"    12.8";"   27375";"     8.5";"   13984";"  150743";"    46.5";"   17345";"  133398";"  137653";"    42.5";"   11431";"  126222";"   13090";"   27398";"     8.5";" 3252923"
"Total male and female";"1998";"Oost-Nederland (LD)";" 3252469";"     334";"   43298";"    13.2";"   27483";"     8.4";"   15815";"  159393";"    48.8";"   18582";"  140811";"  144225";"    44.1";"   11230";"  132995";"   15168";"   31221";"     9.6";" 3283690"
"Total male and female";"1999";"Oost-Nederland (LD)";" 3283690";"     337";"   43725";"    13.3";"   28387";"     8.6";"   15338";"  153253";"    46.5";"   18716";"  134537";"  138810";"    42.1";"   10620";"  128190";"   14443";"   30299";"     9.2";" 3313989"
"Total male and female";"2000";"Oost-Nederland (LD)";" 3313989";"     340";"   45358";"    13.6";"   28598";"     8.6";"   16760";"  147772";"    44.4";"   21223";"  126549";"  129770";"    38.9";"   11064";"  118706";"   18002";"   35541";"    10.7";" 3349530"
"Total male and female";"2001";"Oost-Nederland (LD)";" 3349530";"     344";"   44518";"    13.2";"   28392";"     8.4";"   16126";"  149991";"    44.5";"   23745";"  126246";"  131837";"    39.2";"   13541";"  118296";"   18154";"   35456";"    10.6";" 3384986"
"Total male and female";"2002";"Oost-Nederland (LD)";" 3384986";"     348";"   44836";"    13.2";"   29051";"     8.5";"   15785";"  149125";"    43.9";"   20944";"  128181";"  137969";"    40.6";"   15883";"  122086";"   11156";"   27793";"     8.2";" 3412779"
"Total male and female";"2003";"Oost-Nederland (LD)";" 3412779";"     351";"   44580";"    13.0";"   29382";"     8.6";"   15198";"  144070";"    42.1";"   16637";"  127433";"  140341";"    41.0";"   17489";"  122852";"    3729";"   19566";"     5.7";" 3432345"
"Total male and female";"2004";"Oost-Nederland (LD)";" 3432345";"     353";"   42635";"    12.4";"   27810";"     8.1";"   14825";"  140493";"    40.8";"   14267";"  126226";"  141433";"    41.1";"   18687";"  122746";"    -940";"   14956";"     4.4";" 3447301"
"Total male and female";"2005";"Oost-Nederland (LD)";" 3447301";"     355";"   41434";"    12.0";"   28041";"     8.1";"   13393";"  143942";"    41.7";"   14306";"  129636";"  145276";"    42.1";"   18920";"  126356";"   -1334";"   12588";"     3.7";" 3459889"
"Total male and female";"2006";"Oost-Nederland (LD)";" 3459889";"     356";"   41059";"    11.9";"   27774";"     8.0";"   13285";"  146442";"    42.3";"   15047";"  131395";"  150575";"    43.5";"   20173";"  130402";"   -4133";"    9968";"     2.9";" 3469857"
"Total male and female";"2007";"Oost-Nederland (LD)";" 3469857";"     357";"   39778";"    11.4";"   27037";"     7.8";"   12741";"  146565";"    42.2";"   16844";"  129721";"  147344";"    42.4";"   18713";"  128631";"    -779";"   12694";"     3.7";" 3482551"
"Total male and female";"2008";"Oost-Nederland (LD)";" 3482551";"     358";"   40207";"    11.5";"   27431";"     7.9";"   12776";"  150788";"    43.2";"   20707";"  130081";"  146991";"    42.1";"   17793";"  129198";"    3797";"   17395";"     5.0";" 3499946"
"Total male and female";"2009";"Oost-Nederland (LD)";" 3499946";"     360";"   39902";"    11.4";"   27676";"     7.9";"   12226";"  140116";"    39.9";"   22120";"  117996";"  135651";"    38.7";"   16724";"  118927";"    4465";"   17216";"     4.9";" 3517162"
"Total male and female";"2010";"Oost-Nederland (LD)";" 3517162";"     362";"   39632";"    11.2";"   28115";"     8.0";"   11517";"  140251";"    39.8";"   23206";"  117045";"  137662";"    39.1";"   19292";"  118370";"    2589";"   13941";"     4.0";" 3531103"
"Total male and female";"2011";"Oost-Nederland (LD)";" 3531103";"     364";"   38298";"    10.8";"   27982";"     7.9";"   10316";"  141091";"    39.9";"   23827";"  117264";"  138617";"    39.2";"   20060";"  118557";"    2474";"   12835";"     3.6";" 3543938"
"Total male and female";"2012";"Oost-Nederland (LD)";" 3543938";"     365";"   37193";"    10.5";"   28969";"     8.2";"    8224";"  144702";"    40.8";"   22330";"  122372";"  143362";"    40.4";"   19394";"  123968";"    1340";"    9644";"     2.7";" 3553582"
"Total male and female";"2013";"Oost-Nederland (LD)";" 3553582";"     366";"   36521";"    10.3";"   29326";"     8.2";"    7195";"  145277";"    40.8";"   23697";"  121580";"  146825";"    41.3";"   21588";"  125237";"   -1548";"    5700";"     1.6";" 3559282"
"Total male and female";"2014";"Oost-Nederland (LD)";" 3559282";"     367";"   36865";"    10.3";"   28785";"     8.1";"    8080";"  154765";"    43.4";"   26162";"  128603";"  153435";"    43.0";"   21523";"  131912";"    1330";"    9739";"     2.7";" 3569021"
"Total male and female";"2015";"Oost-Nederland (LD)";" 3569021";"     368";"   36025";"    10.1";"   30135";"     8.4";"    5890";"  167727";"    46.9";"   31301";"  136426";"  158994";"    44.5";"   21732";"  137262";"    8733";"   14678";"     4.1";" 3583699"
"Total male and female";"2016";"Oost-Nederland (LD)";" 3583699";"     369";"   35933";"    10.0";"   30635";"     8.5";"    5298";"  188623";"    52.5";"   33816";"  154807";"  174147";"    48.5";"   22042";"  152105";"   14476";"   19707";"     5.5";" 3603406"
"Total male and female";"2017";"Oost-Nederland (LD)";" 3603406";"     371";"   35444";"     9.8";"   31153";"     8.6";"    4291";"  191622";"    53.0";"   28805";"  162817";"  175919";"    48.7";"   21633";"  154286";"   15703";"   19868";"     5.5";" 3623274"
"Total male and female";"2018";"Oost-Nederland (LD)";" 3623274";"     374";"   35318";"     9.7";"   32013";"     8.8";"    3305";"  187557";"    51.6";"   32342";"  155215";"  169192";"    46.6";"   21501";"  147691";"   18365";"   21675";"     6.0";" 3644949"
"Total male and female";"2019";"Oost-Nederland (LD)";" 3644949";"     376";"   35543";"     9.7";"   32026";"     8.8";"    3517";"  193079";"    52.8";"   37509";"  155570";"  170080";"    46.5";"   23199";"  146881";"   22999";"   26430";"     7.3";" 3671379"
"Total male and female";"2020";"Oost-Nederland (LD)";" 3671379";"     379";"   35855";"     9.7";"   35245";"     9.6";"     610";"  191100";"    51.9";"   30568";"  160532";"  171663";"    46.6";"   20761";"  150902";"   19437";"   19983";"     5.4";" 3691362"
"Total male and female";"2021";"Oost-Nederland (LD)";" 3691362";"       0";"   37578";"    10.1";"   35920";"     9.7";"    1658";"  194201";"    52.4";"   32969";"  161232";"  170012";"    45.9";"   21344";"  148668";"   24189";"   25791";"     7.0";" 3717153"
"Total male and female";"1942";"West-Nederland (LD)";" 4627215";"       .";"   86659";"    18.7";"   44876";"     9.7";"   41783";"  213781";"    46.2";"       .";"       .";"  264502";"    57.2";"       .";"       .";"  -50721";"   -9010";"    -1.9";" 4618205"
"Total male and female";"1943";"West-Nederland (LD)";" 4618205";"       .";"   96939";"    21.1";"   46963";"    10.2";"   49976";"  221646";"    48.3";"       .";"       .";"  337100";"    73.5";"       .";"       .";" -115454";"  -65478";"   -14.2";" 4552727"
"Total male and female";"1944";"West-Nederland (LD)";" 4552727";"       .";"  103278";"    22.7";"   51159";"    11.2";"   52119";"  187198";"    41.2";"       .";"       .";"  246569";"    54.2";"       .";"       .";"  -59371";"   -7252";"    -1.6";" 4545475"
"Total male and female";"1945";"West-Nederland (LD)";" 4545475";"       .";"   89627";"    19.5";"   78386";"    17.1";"   11241";"  391057";"    85.2";"       .";"       .";"  316539";"    69.0";"       .";"       .";"   74518";"   85759";"    18.9";" 4631234"
"Total male and female";"1946";"West-Nederland (LD)";" 4631234";"       .";"  143400";"    30.3";"   39329";"     8.3";"  104071";"  416644";"    88.2";"       .";"       .";"  332830";"    70.4";"       .";"       .";"   83814";"  187885";"    40.6";" 4819119"
"Total male and female";"1947";"West-Nederland (LD)";" 4819119";"       .";"  131524";"    27.0";"   38732";"     8.0";"   92792";"  283525";"    58.2";"       .";"       .";"  274004";"    56.3";"       .";"       .";"    9521";"  102313";"    21.2";" 4921432"
"Total male and female";"1948";"West-Nederland (LD)";" 4921432";"       .";"  118888";"    23.9";"   36603";"     7.4";"   82285";"  230968";"    46.5";"       .";"       .";"  235190";"    47.4";"       .";"       .";"   -4222";"   85963";"    17.5";" 5007395"
"Total male and female";"1949";"West-Nederland (LD)";" 5007395";"       .";"  111469";"    22.1";"   41024";"     8.1";"   70445";"  216770";"    43.0";"       .";"       .";"  222409";"    44.1";"       .";"       .";"   -5639";"   64806";"    12.9";" 5072201"
"Total male and female";"1950";"West-Nederland (LD)";" 5067533";"       .";"  107703";"    21.1";"   38327";"     7.5";"   69376";"  243748";"    47.7";"       .";"       .";"  225674";"    44.2";"       .";"       .";"   18074";"   87450";"    17.3";" 5154983"
"Total male and female";"1951";"West-Nederland (LD)";" 5154983";"       .";"  105970";"    20.4";"   39379";"     7.6";"   66591";"  243755";"    47.0";"       .";"       .";"  249629";"    48.1";"       .";"       .";"   -5874";"   60717";"    11.8";" 5215700"
"Total male and female";"1952";"West-Nederland (LD)";" 5215700";"       .";"  106946";"    20.4";"   38871";"     7.4";"   68075";"  236919";"    45.2";"       .";"       .";"  254031";"    48.5";"       .";"       .";"  -17112";"   50963";"     9.8";" 5266663"
"Total male and female";"1953";"West-Nederland (LD)";" 5266663";"       .";"  105437";"    19.9";"   41867";"     7.9";"   63570";"  240668";"    45.5";"       .";"       .";"  251417";"    47.5";"       .";"       .";"  -10749";"   52749";"    10.0";" 5319412"
"Total male and female";"1954";"West-Nederland (LD)";" 5319412";"       .";"  105736";"    19.8";"   40809";"     7.6";"   64927";"  250256";"    46.8";"       .";"       .";"  252749";"    47.2";"       .";"       .";"   -2493";"   61925";"    11.6";" 5381337"
"Total male and female";"1955";"West-Nederland (LD)";" 5381337";"       .";"  105946";"    19.6";"   42000";"     7.8";"   63946";"  258198";"    47.7";"       .";"       .";"  251922";"    46.5";"       .";"       .";"    6276";"   69726";"    13.0";" 5451063"
"Total male and female";"1956";"West-Nederland (LD)";" 5451063";"       .";"  107067";"    19.5";"   44012";"     8.0";"   63055";"  260073";"    47.4";"       .";"       .";"  260986";"    47.6";"       .";"       .";"    -913";"   62081";"    11.4";" 5513144"
"Total male and female";"1957";"West-Nederland (LD)";" 5513144";"       .";"  108772";"    19.6";"   42899";"     7.7";"   65873";"  265381";"    47.9";"       .";"       .";"  269600";"    48.6";"       .";"       .";"   -4219";"   61484";"    11.2";" 5574628"
"Total male and female";"1958";"West-Nederland (LD)";" 5574628";"       .";"  109696";"    19.5";"   44086";"     7.9";"   65610";"  284750";"    50.7";"       .";"       .";"  276199";"    49.2";"       .";"       .";"    8551";"   77929";"    14.0";" 5652557"
"Total male and female";"1959";"West-Nederland (LD)";" 5652557";"       .";"  112350";"    19.8";"   44609";"     7.9";"   67741";"  264211";"    46.5";"       .";"       .";"  274641";"    48.3";"       .";"       .";"  -10430";"   57168";"    10.1";" 5709725"
"Total male and female";"1960";"West-Nederland (LD)";" 5713013";"       .";"  110379";"    19.2";"   45350";"     7.9";"   65029";"  276159";"    48.1";"   28228";"  247931";"  284333";"    49.5";"   37155";"  247178";"   -8174";"   56801";"     9.9";" 5769814"
"Total male and female";"1961";"West-Nederland (LD)";" 5769814";"       .";"  114568";"    19.7";"   46047";"     7.9";"   68521";"  279151";"    48.1";"   32982";"  246169";"  281136";"    48.4";"   31421";"  249715";"   -1985";"   66445";"    11.5";" 5836259"
"Total male and female";"1962";"West-Nederland (LD)";" 5836259";"       .";"  113954";"    19.4";"   48720";"     8.3";"   65234";"  282466";"    48.1";"   39259";"  243207";"  278348";"    47.4";"   30926";"  247422";"    4118";"   69102";"    11.8";" 5905361"
"Total male and female";"1963";"West-Nederland (LD)";" 5905361";"       .";"  116830";"    19.7";"   49910";"     8.4";"   66920";"  269582";"    45.4";"   32466";"  237116";"  271276";"    45.7";"   27545";"  243731";"   -1694";"   65113";"    11.0";" 5970474"
"Total male and female";"1964";"West-Nederland (LD)";" 5970474";"       .";"  116618";"    19.4";"   48758";"     8.1";"   67860";"  284578";"    47.4";"   37385";"  247193";"  288183";"    48.0";"   31827";"  256356";"   -3605";"   63783";"    10.7";" 6034257"
"Total male and female";"1965";"West-Nederland (LD)";" 6034257";"       .";"  112641";"    18.6";"   51027";"     8.4";"   61614";"  301088";"    49.6";"   45003";"  256085";"  301166";"    49.7";"   32815";"  268351";"     -78";"   60984";"    10.1";" 6095241"
"Total male and female";"1966";"West-Nederland (LD)";" 6095241";"       .";"  108911";"    17.8";"   52156";"     8.5";"   56755";"  320928";"    52.4";"   51285";"  269643";"  316065";"    51.6";"   36476";"  279589";"    4863";"   61314";"    10.1";" 6156555"
"Total male and female";"1967";"West-Nederland (LD)";" 6156555";"       .";"  108684";"    17.6";"   51814";"     8.4";"   56870";"  323501";"    52.3";"   35356";"  288145";"  330362";"    53.4";"   39758";"  290604";"   -6861";"   48943";"     7.9";" 6205498"
"Total male and female";"1968";"West-Nederland (LD)";" 6205498";"       .";"  108344";"    17.4";"   54388";"     8.7";"   53956";"  348373";"    55.9";"   41600";"  306773";"  347542";"    55.8";"   35684";"  311858";"     831";"   54252";"     8.7";" 6259750"
"Total male and female";"1969";"West-Nederland (LD)";" 6259750";"       .";"  113761";"    18.1";"   55481";"     8.8";"   58280";"  365635";"    58.1";"   45958";"  319677";"  363126";"    57.7";"   34159";"  328967";"    2509";"   60415";"     9.7";" 6320165"
"Total male and female";"1970";"West-Nederland (LD)";" 6320165";"       .";"  109393";"    17.2";"   56590";"     8.9";"   52803";"  368764";"    58.1";"   52402";"  316362";"  362836";"    57.1";"   33937";"  328899";"    5928";"   58212";"     9.2";" 6378377"
"Total male and female";"1971";"West-Nederland (LD)";" 6378377";"       .";"  104736";"    16.4";"   56754";"     8.9";"   47982";"  388603";"    60.7";"   57285";"  331318";"  384607";"    60.1";"   35595";"  349012";"    3996";"   52123";"     8.2";" 6430500"
"Total male and female";"1972";"West-Nederland (LD)";" 6430500";"       .";"   97907";"    15.2";"   58257";"     9.0";"   39650";"  380804";"    59.1";"   48633";"  332171";"  389854";"    60.5";"   36357";"  353497";"   -9050";"   29646";"     4.6";" 6460146"
"Total male and female";"1973";"West-Nederland (LD)";" 6460146";"       .";"   88652";"    13.7";"   56144";"     8.7";"   32508";"  385309";"    59.6";"   50327";"  334982";"  403268";"    62.4";"   37257";"  366011";"  -17959";"   13222";"     2.0";" 6473368"
"Total male and female";"1974";"West-Nederland (LD)";" 6473368";"       .";"   84140";"    13.0";"   55459";"     8.6";"   28681";"  394569";"    60.9";"   58413";"  336156";"  401504";"    61.9";"   35457";"  366047";"   -6935";"   20409";"     3.2";" 6493779"
"Total male and female";"1975";"West-Nederland (LD)";" 6493779";"       .";"   80911";"    12.4";"   57839";"     8.9";"   23072";"  406146";"    62.3";"   83076";"  323070";"  377103";"    57.8";"   32033";"  345070";"   29043";"   50939";"     7.8";" 6544718"
"Total male and female";"1976";"West-Nederland (LD)";" 6544718";"       .";"   80365";"    12.3";"   57975";"     8.8";"   22390";"  358016";"    54.6";"   51302";"  306714";"  364311";"    55.6";"   36355";"  327956";"   -6295";"   13639";"     2.1";" 6558357"
"Total male and female";"1977";"West-Nederland (LD)";" 6558357";"       .";"   79103";"    12.0";"   55286";"     8.4";"   23817";"  338043";"    51.5";"   51221";"  286822";"  349190";"    53.2";"   37845";"  311345";"  -11147";"   12917";"     2.0";" 6571274"
"Total male and female";"1978";"West-Nederland (LD)";" 6571274";"       .";"   80234";"    12.2";"   57111";"     8.7";"   23123";"  332850";"    50.6";"   55172";"  277678";"  334592";"    50.8";"   37202";"  297390";"   -1742";"   21493";"     3.3";" 6592944"
"Total male and female";"1979";"West-Nederland (LD)";" 6592944";"       .";"   79703";"    12.1";"   56553";"     8.6";"   23150";"  313131";"    47.3";"   66401";"  246730";"  294414";"    44.5";"   36007";"  258407";"   18717";"   41989";"     6.4";" 6634933"
"Total male and female";"1980";"West-Nederland (LD)";" 6634933";"       .";"   83201";"    12.5";"   57136";"     8.6";"   26065";"  332546";"    49.9";"   70660";"  261886";"  311892";"    46.8";"   36587";"  275305";"   20654";"   46831";"     7.1";" 6681764"
"Total male and female";"1981";"West-Nederland (LD)";" 6681764";"       .";"   82333";"    12.3";"   57723";"     8.6";"   24610";"  307596";"    46.0";"   48986";"  258610";"  310020";"    46.3";"   39381";"  270639";"   -2424";"   22364";"     3.3";" 6704128"
"Total male and female";"1982";"West-Nederland (LD)";" 6704128";"       .";"   78995";"    11.8";"   58201";"     8.7";"   20794";"  316242";"    47.1";"   43159";"  273083";"  325348";"    48.5";"   44432";"  280916";"   -9106";"   11877";"     1.8";" 6716005"
"Total male and female";"1983";"West-Nederland (LD)";" 6716005";"       .";"   78506";"    11.7";"   58181";"     8.7";"   20325";"  309464";"    46.0";"   40055";"  269409";"  314519";"    46.8";"   38884";"  275635";"   -5055";"   15431";"     2.3";" 6731436"
"Total male and female";"1984";"West-Nederland (LD)";" 6731551";"       .";"   81021";"    12.0";"   58639";"     8.7";"   22382";"  305183";"    45.3";"   40617";"  264566";"  304792";"    45.2";"   36116";"  268676";"     391";"   22841";"     3.4";" 6754392"
"Total male and female";"1985";"West-Nederland (LD)";" 6754392";"       .";"   82527";"    12.2";"   60042";"     8.9";"   22485";"  317737";"    46.9";"   50495";"  267242";"  302588";"    44.7";"   34613";"  267975";"   15149";"   37913";"     5.6";" 6792305"
"Total male and female";"1986";"West-Nederland (LD)";" 6787513";"       .";"   85990";"    12.6";"   61440";"     9.0";"   24550";"  332018";"    48.8";"   55964";"  276054";"  314459";"    46.2";"   36522";"  277937";"   17559";"   42336";"     6.2";" 6829849"
"Total male and female";"1987";"West-Nederland (LD)";" 6829849";"       .";"   87346";"    12.7";"   59628";"     8.7";"   27718";"  338749";"    49.4";"   62681";"  276068";"  314386";"    45.9";"   36706";"  277680";"   24363";"   52183";"     7.6";" 6882032"
"Total male and female";"1988";"West-Nederland (LD)";" 6882032";"       .";"   88350";"    12.8";"   60580";"     8.8";"   27770";"  327119";"    47.4";"   57054";"  270065";"  311351";"    45.1";"   37371";"  273980";"   15768";"   43693";"     6.3";" 6925725"
"Total male and female";"1989";"West-Nederland (LD)";" 6925785";"       .";"   89713";"    12.9";"   62774";"     9.0";"   26939";"  335895";"    48.4";"   61894";"  274001";"  321455";"    46.3";"   42967";"  278488";"   14440";"   41379";"     6.0";" 6967164"
"Total male and female";"1990";"West-Nederland (LD)";" 6967316";"       .";"   94068";"    13.4";"   62559";"     8.9";"   31509";"  335972";"    48.0";"   75160";"  260812";"  308033";"    44.0";"   41058";"  266975";"   27939";"   59514";"     8.5";" 7026830"
"Total male and female";"1991";"West-Nederland (LD)";" 7026830";"       .";"   94674";"    13.4";"   62827";"     8.9";"   31847";"  334568";"    47.4";"   76723";"  257845";"  303754";"    43.0";"   41439";"  262315";"   30814";"   62661";"     8.9";" 7089491"
"Total male and female";"1992";"West-Nederland (LD)";" 7089671";"       .";"   94008";"    13.2";"   62601";"     8.8";"   31407";"  338507";"    47.6";"   72838";"  265669";"  315711";"    44.4";"   43478";"  272233";"   22796";"   54210";"     7.6";" 7143881"
"Total male and female";"1993";"West-Nederland (LD)";" 7143917";"       .";"   93284";"    13.0";"   66422";"     9.3";"   26862";"  341004";"    47.6";"   71425";"  269579";"  321326";"    44.8";"   44905";"  276421";"   19678";"   46540";"     6.5";" 7190457"
"Total male and female";"1994";"West-Nederland (LD)";" 7190422";"       .";"   92795";"    12.9";"   64420";"     8.9";"   28375";"  328636";"    45.6";"   54980";"  273656";"  329789";"    45.8";"   49434";"  280355";"   -1153";"   27559";"     3.8";" 7217981"
"Total male and female";"1995";"West-Nederland (LD)";" 7217981";"     833";"   89937";"    12.4";"   64794";"     9.0";"   25143";"  332818";"    46.0";"   51622";"  281196";"  337605";"    46.7";"   48320";"  289285";"   -4787";"   21250";"     2.9";" 7239231"
"Total male and female";"1996";"West-Nederland (LD)";" 7239231";"     835";"   89752";"    12.4";"   65473";"     9.0";"   24279";"  357205";"    49.2";"   61561";"  295644";"  356040";"    49.1";"   55574";"  300466";"    1165";"   28072";"     3.9";" 7267303"
"Total male and female";"1997";"West-Nederland (LD)";" 7267303";"     838";"   91419";"    12.5";"   64493";"     8.9";"   26926";"  359442";"    49.3";"   61843";"  297599";"  351709";"    48.3";"   48351";"  303358";"    7733";"   35965";"     4.9";" 7303268"
"Total male and female";"1998";"West-Nederland (LD)";" 7303722";"     841";"   94486";"    12.9";"   65368";"     8.9";"   29118";"  386322";"    52.7";"   69077";"  317245";"  369022";"    50.4";"   47160";"  321862";"   17300";"   47499";"     6.5";" 7351221"
"Total male and female";"1999";"West-Nederland (LD)";" 7351221";"     847";"   95031";"    12.9";"   66350";"     9.0";"   28681";"  367646";"    49.9";"   65769";"  301877";"  353794";"    48.0";"   45939";"  307855";"   13852";"   44592";"     6.1";" 7395813"
"Total male and female";"2000";"West-Nederland (LD)";" 7395813";"     851";"   98209";"    13.2";"   66344";"     8.9";"   31865";"  367820";"    49.6";"   72173";"  295647";"  348531";"    47.0";"   42756";"  305775";"   19289";"   52403";"     7.1";" 7448216"
"Total male and female";"2001";"West-Nederland (LD)";" 7448216";"     857";"   96496";"    12.9";"   65978";"     8.8";"   30518";"  365849";"    48.9";"   70552";"  295297";"  347123";"    46.4";"   42959";"  304164";"   18726";"   52201";"     7.0";" 7500417"
"Total male and female";"2002";"West-Nederland (LD)";" 7500417";"     863";"   96312";"    12.8";"   66449";"     8.8";"   29863";"  374616";"    49.8";"   66173";"  308443";"  362488";"    48.2";"   49698";"  312790";"   12128";"   43251";"     5.8";" 7543668"
"Total male and female";"2003";"West-Nederland (LD)";" 7543668";"     871";"   95861";"    12.7";"   65971";"     8.7";"   29890";"  359578";"    47.6";"   60619";"  298959";"  357387";"    47.3";"   55901";"  301486";"    2191";"   36825";"     4.9";" 7580493"
"Total male and female";"2004";"West-Nederland (LD)";" 7580493";"     875";"   94175";"    12.4";"   63650";"     8.4";"   30525";"  358659";"    47.2";"   55179";"  303480";"  364333";"    48.0";"   59562";"  304771";"   -5674";"   28260";"     3.7";" 7608753"
"Total male and female";"2005";"West-Nederland (LD)";" 7608753";"     878";"   91705";"    12.0";"   63383";"     8.3";"   28322";"  369129";"    48.5";"   53377";"  315752";"  383546";"    50.4";"   67017";"  316529";"  -14417";"   16931";"     2.2";" 7625684"
"Total male and female";"2006";"West-Nederland (LD)";" 7625684";"     881";"   90050";"    11.8";"   62442";"     8.2";"   27608";"  380880";"    49.9";"   59662";"  321218";"  398099";"    52.2";"   77731";"  320368";"  -17219";"   13584";"     1.8";" 7639268"
"Total male and female";"2007";"West-Nederland (LD)";" 7639268";"     882";"   89179";"    11.7";"   61853";"     8.1";"   27326";"  388842";"    50.8";"   70104";"  318738";"  388811";"    50.8";"   71220";"  317591";"      31";"   30265";"     4.0";" 7669533"
"Total male and female";"2008";"West-Nederland (LD)";" 7669533";"     886";"   91191";"    11.9";"   62316";"     8.1";"   28875";"  405722";"    52.7";"   85295";"  320427";"  387434";"    50.4";"   69000";"  318434";"   18288";"   50323";"     6.6";" 7719856"
"Total male and female";"2009";"West-Nederland (LD)";" 7719856";"     893";"   91632";"    11.8";"   61430";"     7.9";"   30202";"  383067";"    49.4";"   85134";"  297933";"  358904";"    46.3";"   66026";"  292878";"   24163";"   57158";"     7.4";" 7777014"
"Total male and female";"2010";"West-Nederland (LD)";" 7777014";"     899";"   92106";"    11.8";"   62215";"     8.0";"   29891";"  384359";"    49.3";"   89732";"  294627";"  360802";"    46.2";"   72464";"  288338";"   23557";"   53111";"     6.8";" 7830125"
"Total male and female";"2011";"West-Nederland (LD)";" 7830125";"     906";"   90335";"    11.5";"   62020";"     7.9";"   28315";"  389415";"    49.6";"   95740";"  293675";"  367483";"    46.8";"   78730";"  288753";"   21932";"   50628";"     6.5";" 7880753"
"Total male and female";"2012";"West-Nederland (LD)";" 7880753";"     912";"   89118";"    11.3";"   64215";"     8.1";"   24903";"  393220";"    49.8";"   93232";"  299988";"  384333";"    48.7";"   90133";"  294200";"    8887";"   33853";"     4.3";" 7914606"
"Total male and female";"2013";"West-Nederland (LD)";" 7914606";"     917";"   86488";"    10.9";"   64202";"     8.1";"   22286";"  398176";"    50.2";"   95785";"  302391";"  382728";"    48.2";"   88536";"  294192";"   15448";"   38088";"     4.8";" 7952694"
"Total male and female";"2014";"West-Nederland (LD)";" 7952694";"     921";"   89206";"    11.2";"   62967";"     7.9";"   26239";"  430751";"    54.0";"  104950";"  325801";"  403566";"    50.6";"   87006";"  316560";"   27185";"   53544";"     6.7";" 8006238"
"Total male and female";"2015";"West-Nederland (LD)";" 8006238";"     927";"   86821";"    10.8";"   66732";"     8.3";"   20089";"  462648";"    57.6";"  112342";"  350306";"  426793";"    53.1";"   87875";"  338918";"   35855";"   55784";"     7.0";" 8062022"
"Total male and female";"2016";"West-Nederland (LD)";" 8062022";"     933";"   87955";"    10.9";"   67514";"     8.3";"   20441";"  498593";"    61.6";"  120378";"  378215";"  455086";"    56.2";"   89370";"  365716";"   43507";"   63755";"     7.9";" 8125777"
"Total male and female";"2017";"West-Nederland (LD)";" 8125777";"     941";"   86792";"    10.6";"   67384";"     8.3";"   19408";"  517011";"    63.4";"  127922";"  389089";"  471808";"    57.8";"   91825";"  379983";"   45203";"   64237";"     7.9";" 8190014"
"Total male and female";"2018";"West-Nederland (LD)";" 8190014";"     949";"   86301";"    10.5";"   68868";"     8.4";"   17433";"  510448";"    62.1";"  139001";"  371447";"  465066";"    56.6";"   92576";"  372490";"   45382";"   62428";"     7.6";" 8252442"
"Total male and female";"2019";"West-Nederland (LD)";" 8252442";"     956";"   86901";"    10.5";"   68067";"     8.2";"   18834";"  528364";"    63.7";"  153876";"  374488";"  472878";"    57.0";"   93390";"  379488";"   55486";"   74103";"     9.0";" 8326545"
"Total male and female";"2020";"West-Nederland (LD)";" 8326545";"     965";"   85829";"    10.3";"   75533";"     9.1";"   10296";"  516783";"    61.9";"  121958";"  394825";"  492174";"    59.0";"   88950";"  403224";"   24609";"   34544";"     4.1";" 8361089"
"Total male and female";"2021";"West-Nederland (LD)";" 8361089";"       0";"   90818";"    10.8";"   76316";"     9.1";"   14502";"  537079";"    64.0";"  136336";"  400743";"  491961";"    58.6";"   81725";"  410236";"   45118";"   59322";"     7.1";" 8420411"
"Total male and female";"1942";"Zuid-Nederland (LD)";" 1699778";"       .";"   44228";"    25.8";"   15597";"     9.1";"   28631";"   90696";"    52.9";"       .";"       .";"   88535";"    51.6";"       .";"       .";"    2161";"   30792";"    18.1";" 1730570"
"Total male and female";"1943";"Zuid-Nederland (LD)";" 1730570";"       .";"   47519";"    27.2";"   16337";"     9.3";"   31182";"   89283";"    51.0";"       .";"       .";"   81862";"    46.8";"       .";"       .";"    7421";"   38603";"    22.3";" 1769173"
"Total male and female";"1944";"Zuid-Nederland (LD)";" 1769173";"       .";"   48867";"    27.3";"   23832";"    13.3";"   25035";"   83049";"    46.5";"       .";"       .";"   70913";"    39.7";"       .";"       .";"   12136";"   37171";"    21.0";" 1806344"
"Total male and female";"1945";"Zuid-Nederland (LD)";" 1806344";"       .";"   51709";"    28.5";"   21322";"    11.8";"   30387";"  117434";"    64.8";"       .";"       .";"  134073";"    73.9";"       .";"       .";"  -16639";"   13748";"     7.6";" 1820092"
"Total male and female";"1946";"Zuid-Nederland (LD)";" 1820092";"       .";"   55513";"    30.3";"   15147";"     8.3";"   40366";"  110548";"    60.3";"       .";"       .";"  124878";"    68.1";"       .";"       .";"  -14330";"   26036";"    14.3";" 1846128"
"Total male and female";"1947";"Zuid-Nederland (LD)";" 1846128";"       .";"   55890";"    30.0";"   14970";"     8.0";"   40920";"   97723";"    52.4";"       .";"       .";"  100638";"    54.0";"       .";"       .";"   -2915";"   38005";"    20.6";" 1884133"
"Total male and female";"1948";"Zuid-Nederland (LD)";" 1884133";"       .";"   54826";"    28.8";"   13593";"     7.1";"   41233";"   93972";"    49.3";"       .";"       .";"   93897";"    49.3";"       .";"       .";"      75";"   43860";"    23.3";" 1927993"
"Total male and female";"1949";"Zuid-Nederland (LD)";" 1927993";"       .";"   54109";"    27.8";"   14977";"     7.7";"   39132";"   87323";"    44.9";"       .";"       .";"   89821";"    46.1";"       .";"       .";"   -2498";"   36782";"    19.1";" 1964775"
"Total male and female";"1950";"Zuid-Nederland (LD)";" 1970512";"       .";"   52975";"    26.6";"   13906";"     7.0";"   39069";"   93069";"    46.7";"       .";"       .";"   90289";"    45.3";"       .";"       .";"    2780";"   41849";"    21.2";" 2012361"
"Total male and female";"1951";"Zuid-Nederland (LD)";" 2012361";"       .";"   52793";"    26.0";"   14246";"     7.0";"   38547";"   97548";"    48.0";"       .";"       .";"  100103";"    49.3";"       .";"       .";"   -2555";"   35992";"    17.9";" 2048353"
"Total male and female";"1952";"Zuid-Nederland (LD)";" 2048353";"       .";"   53924";"    26.1";"   13930";"     6.7";"   39994";"   96994";"    47.0";"       .";"       .";"  103216";"    50.0";"       .";"       .";"   -6222";"   33772";"    16.5";" 2082125"
"Total male and female";"1953";"Zuid-Nederland (LD)";" 2082125";"       .";"   52939";"    25.2";"   14734";"     7.0";"   38205";"  102746";"    48.9";"       .";"       .";"  104965";"    50.0";"       .";"       .";"   -2219";"   35640";"    17.1";" 2117765"
"Total male and female";"1954";"Zuid-Nederland (LD)";" 2117765";"       .";"   53259";"    24.9";"   14566";"     6.8";"   38693";"  106131";"    49.7";"       .";"       .";"  106800";"    50.0";"       .";"       .";"    -669";"   37733";"    17.8";" 2155498"
"Total male and female";"1955";"Zuid-Nederland (LD)";" 2155498";"       .";"   53802";"    24.7";"   14720";"     6.8";"   39082";"  102016";"    46.9";"       .";"       .";"  101007";"    46.4";"       .";"       .";"    1009";"   39744";"    18.4";" 2195242"
"Total male and female";"1956";"Zuid-Nederland (LD)";" 2195242";"       .";"   54174";"    24.5";"   15325";"     6.9";"   38849";"  104475";"    47.2";"       .";"       .";"  103819";"    46.9";"       .";"       .";"     656";"   39491";"    18.0";" 2234733"
"Total male and female";"1957";"Zuid-Nederland (LD)";" 2234733";"       .";"   54347";"    24.1";"   15119";"     6.7";"   39228";"  111607";"    49.5";"       .";"       .";"  109923";"    48.7";"       .";"       .";"    1684";"   40869";"    18.3";" 2275602"
"Total male and female";"1958";"Zuid-Nederland (LD)";" 2275276";"       .";"   55470";"    24.1";"   15280";"     6.6";"   40190";"  113187";"    49.2";"       .";"       .";"  107578";"    46.8";"       .";"       .";"    5609";"   50700";"    22.3";" 2325976"
"Total male and female";"1959";"Zuid-Nederland (LD)";" 2325976";"       .";"   57188";"    24.4";"   15431";"     6.6";"   41757";"  106665";"    45.5";"       .";"       .";"  107383";"    45.8";"       .";"       .";"    -718";"   41081";"    17.7";" 2367057"
"Total male and female";"1960";"Zuid-Nederland (LD)";" 2367057";"       .";"   56299";"    23.6";"   16113";"     6.8";"   40186";"  110375";"    46.2";"    8174";"  102201";"  110863";"    46.4";"   10618";"  100245";"    -488";"   40070";"    16.9";" 2407127"
"Total male and female";"1961";"Zuid-Nederland (LD)";" 2407127";"       .";"   58339";"    24.0";"   15756";"     6.5";"   42583";"  112695";"    46.4";"   10734";"  101961";"  107595";"    44.3";"    8563";"   99032";"    5100";"   47836";"    19.9";" 2454963"
"Total male and female";"1962";"Zuid-Nederland (LD)";" 2454963";"       .";"   57509";"    23.2";"   16760";"     6.8";"   40749";"  117683";"    47.5";"   13030";"  104653";"  109566";"    44.2";"    9213";"  100353";"    8117";"   48844";"    19.9";" 2503807"
"Total male and female";"1963";"Zuid-Nederland (LD)";" 2503807";"       .";"   57907";"    22.9";"   17205";"     6.8";"   40702";"  119090";"    47.2";"   11850";"  107240";"  113874";"    45.1";"   10284";"  103590";"    5216";"   39543";"    15.8";" 2543350"
"Total male and female";"1964";"Zuid-Nederland (LD)";" 2543350";"       .";"   58164";"    22.6";"   17009";"     6.6";"   41155";"  127432";"    49.6";"   15474";"  111958";"  119166";"    46.4";"   11543";"  107623";"    8266";"   49260";"    19.4";" 2592610"
"Total male and female";"1965";"Zuid-Nederland (LD)";" 2592610";"       .";"   56925";"    21.8";"   17843";"     6.8";"   39082";"  130567";"    49.9";"   16536";"  114031";"  122699";"    46.9";"   13733";"  108966";"    7868";"   46761";"    18.0";" 2639371"
"Total male and female";"1966";"Zuid-Nederland (LD)";" 2639371";"       .";"   55492";"    20.9";"   18005";"     6.8";"   37487";"  139283";"    52.4";"   16430";"  122853";"  134755";"    50.7";"   13937";"  120818";"    4528";"   41771";"    15.8";" 2681142"
"Total male and female";"1967";"Zuid-Nederland (LD)";" 2681142";"       .";"   54394";"    20.2";"   18062";"     6.7";"   36332";"  131781";"    48.9";"   10339";"  121442";"  137962";"    51.2";"   14932";"  123030";"   -6181";"   29888";"    11.1";" 2711030"
"Total male and female";"1968";"Zuid-Nederland (LD)";" 2711030";"       .";"   53158";"    19.5";"   18744";"     6.9";"   34414";"  136875";"    50.2";"   11888";"  124987";"  137750";"    50.5";"   12461";"  125289";"    -875";"   33466";"    12.3";" 2744496"
"Total male and female";"1969";"Zuid-Nederland (LD)";" 2744496";"       .";"   54672";"    19.8";"   19372";"     7.0";"   35300";"  146883";"    53.1";"   15203";"  131680";"  140234";"    50.7";"   11393";"  128841";"    6649";"   41857";"    15.3";" 2786353"
"Total male and female";"1970";"Zuid-Nederland (LD)";" 2786353";"       .";"   52626";"    18.7";"   19741";"     7.0";"   32885";"  153207";"    54.5";"   21040";"  132167";"  140518";"    50.0";"   12186";"  128332";"   12689";"   45463";"    16.3";" 2831816"
"Total male and female";"1971";"Zuid-Nederland (LD)";" 2831816";"       .";"   49306";"    17.3";"   20057";"     7.0";"   29249";"  162831";"    57.1";"   20278";"  142553";"  151460";"    53.1";"   14248";"  137212";"   11371";"   41033";"    14.5";" 2872849"
"Total male and female";"1972";"Zuid-Nederland (LD)";" 2872849";"       .";"   46629";"    16.1";"   20686";"     7.2";"   25943";"  166968";"    57.7";"   17446";"  149522";"  155452";"    53.8";"   13833";"  141619";"   11516";"   37234";"    13.0";" 2910083"
"Total male and female";"1973";"Zuid-Nederland (LD)";" 2910083";"       .";"   42419";"    14.5";"   20389";"     7.0";"   22030";"  175521";"    59.9";"   17790";"  157731";"  158888";"    54.2";"   14530";"  144358";"   16633";"   38517";"    13.2";" 2948600"
"Total male and female";"1974";"Zuid-Nederland (LD)";" 2948600";"       .";"   41126";"    13.9";"   20191";"     6.8";"   20935";"  166975";"    56.3";"   17581";"  149394";"  151916";"    51.2";"   13208";"  138708";"   15059";"   36003";"    12.2";" 2984603"
"Total male and female";"1975";"Zuid-Nederland (LD)";" 2984603";"       .";"   39080";"    13.0";"   21130";"     7.0";"   17950";"  163917";"    54.6";"   21335";"  142582";"  147537";"    49.2";"   12173";"  135364";"   16380";"   34278";"    11.5";" 3018881"
"Total male and female";"1976";"Zuid-Nederland (LD)";" 3018881";"       .";"   39087";"    12.9";"   21293";"     7.0";"   17794";"  156532";"    51.6";"   15934";"  140598";"  146264";"    48.2";"   13296";"  132968";"   10268";"   27914";"     9.2";" 3046795"
"Total male and female";"1977";"Zuid-Nederland (LD)";" 3046795";"       .";"   38123";"    12.5";"   20873";"     6.8";"   17250";"  146955";"    48.0";"   16187";"  130768";"  138498";"    45.3";"   12917";"  125581";"    8457";"   25728";"     8.4";" 3072523"
"Total male and female";"1978";"Zuid-Nederland (LD)";" 3072523";"       .";"   38725";"    12.6";"   21884";"     7.1";"   16841";"  137753";"    44.7";"   16195";"  121558";"  130734";"    42.4";"   13305";"  117429";"    7019";"   23880";"     7.8";" 3096403"
"Total male and female";"1979";"Zuid-Nederland (LD)";" 3096403";"       .";"   38776";"    12.5";"   21434";"     6.9";"   17342";"  127282";"    40.9";"   17697";"  109585";"  120863";"    38.9";"   13192";"  107671";"    6419";"   23830";"     7.7";" 3120233"
"Total male and female";"1980";"Zuid-Nederland (LD)";" 3120233";"       .";"   39273";"    12.5";"   21847";"     7.0";"   17426";"  129714";"    41.4";"   19501";"  110213";"  122184";"    39.0";"   13162";"  109022";"    7530";"   25055";"     8.0";" 3145288"
"Total male and female";"1981";"Zuid-Nederland (LD)";" 3145288";"       .";"   38667";"    12.3";"   22392";"     7.1";"   16275";"  120896";"    38.3";"   15243";"  105653";"  119879";"    38.0";"   13065";"  106814";"    1017";"   17325";"     5.5";" 3162613"
"Total male and female";"1982";"Zuid-Nederland (LD)";" 3162613";"       .";"   36786";"    11.6";"   22597";"     7.1";"   14189";"  119438";"    37.7";"   13826";"  105612";"  121869";"    38.5";"   13660";"  108209";"   -2431";"   11872";"     3.8";" 3174485"
"Total male and female";"1983";"Zuid-Nederland (LD)";" 3174485";"       .";"   36035";"    11.3";"   22871";"     7.2";"   13164";"  121334";"    38.1";"   13327";"  108007";"  122611";"    38.6";"   12875";"  109736";"   -1277";"   12079";"     3.8";" 3186564"
"Total male and female";"1984";"Zuid-Nederland (LD)";" 3186564";"       .";"   37309";"    11.7";"   23436";"     7.3";"   13873";"  121198";"    38.0";"   12910";"  108288";"  123023";"    38.5";"   12575";"  110448";"   -1825";"   12073";"     3.8";" 3198637"
"Total male and female";"1985";"Zuid-Nederland (LD)";" 3198637";"       .";"   38265";"    11.9";"   23983";"     7.5";"   14282";"  127775";"    39.9";"   14097";"  113678";"  127777";"    39.9";"   12554";"  115223";"      -2";"   14359";"     4.5";" 3212996"
"Total male and female";"1986";"Zuid-Nederland (LD)";" 3212987";"       .";"   39447";"    12.2";"   24735";"     7.7";"   14712";"  138389";"    43.0";"   15316";"  123073";"  134998";"    41.9";"   11734";"  123264";"    3391";"   18192";"     5.7";" 3231179"
"Total male and female";"1987";"Zuid-Nederland (LD)";" 3231179";"       .";"   40297";"    12.4";"   24330";"     7.5";"   15967";"  138668";"    42.8";"   16051";"  122617";"  134187";"    41.4";"   11830";"  122357";"    4481";"   20525";"     6.4";" 3251704"
"Total male and female";"1988";"Zuid-Nederland (LD)";" 3251704";"       .";"   39857";"    12.2";"   24463";"     7.5";"   15394";"  139586";"    42.8";"   16108";"  123478";"  134586";"    41.3";"   13352";"  121234";"    5000";"   20522";"     6.3";" 3272226"
"Total male and female";"1989";"Zuid-Nederland (LD)";" 3272226";"       .";"   40471";"    12.3";"   25597";"     7.8";"   14874";"  142077";"    43.3";"   17492";"  124585";"  135794";"    41.4";"   14249";"  121545";"    6283";"   21158";"     6.5";" 3293384"
"Total male and female";"1990";"Zuid-Nederland (LD)";" 3293441";"       .";"   42664";"    12.9";"   25726";"     7.8";"   16938";"  137327";"    41.5";"   20124";"  117203";"  128948";"    39.0";"   14099";"  114849";"    8379";"   25444";"     7.7";" 3318885"
"Total male and female";"1991";"Zuid-Nederland (LD)";" 3318888";"       .";"   42420";"    12.7";"   26175";"     7.9";"   16245";"  133938";"    40.2";"   20270";"  113668";"  128303";"    38.5";"   14938";"  113365";"    5635";"   21880";"     6.6";" 3340768"
"Total male and female";"1992";"Zuid-Nederland (LD)";" 3340816";"       .";"   42298";"    12.6";"   26452";"     7.9";"   15846";"  138581";"    41.3";"   21369";"  117212";"  131733";"    39.3";"   15405";"  116328";"    6848";"   22659";"     6.8";" 3363475"
"Total male and female";"1993";"Zuid-Nederland (LD)";" 3363488";"       .";"   41580";"    12.3";"   27730";"     8.2";"   13850";"  143207";"    42.4";"   22622";"  120585";"  135677";"    40.2";"   15714";"  119963";"    7530";"   21385";"     6.4";" 3384873"
"Total male and female";"1994";"Zuid-Nederland (LD)";" 3384966";"       .";"   41785";"    12.3";"   27324";"     8.0";"   14461";"  141831";"    41.8";"   21764";"  120067";"  135493";"    39.9";"   15526";"  119967";"    6338";"   21291";"     6.3";" 3406257"
"Total male and female";"1995";"Zuid-Nederland (LD)";" 3406257";"     479";"   40701";"    11.9";"   28342";"     8.3";"   12359";"  146064";"    42.8";"   20893";"  125171";"  140868";"    41.2";"   17326";"  123542";"    5196";"   17836";"     5.2";" 3424093"
"Total male and female";"1996";"Zuid-Nederland (LD)";" 3424093";"     482";"   40193";"    11.7";"   28641";"     8.3";"   11552";"  148890";"    43.4";"   22089";"  126801";"  145019";"    42.3";"   18977";"  126042";"    3871";"   16200";"     4.7";" 3440293"
"Total male and female";"1997";"Zuid-Nederland (LD)";" 3440293";"     484";"   40360";"    11.7";"   28390";"     8.2";"   11970";"  146361";"    42.4";"   20881";"  125480";"  141758";"    41.1";"   17378";"  124380";"    4603";"   16904";"     4.9";" 3457197"
"Total male and female";"1998";"Zuid-Nederland (LD)";" 3457197";"     487";"   41793";"    12.1";"   28962";"     8.4";"   12831";"  153772";"    44.4";"   23804";"  129968";"  146395";"    42.2";"   16818";"  129577";"    7377";"   19814";"     5.7";" 3477011"
"Total male and female";"1999";"Zuid-Nederland (LD)";" 3477011";"     490";"   41605";"    11.9";"   29833";"     8.6";"   11772";"  148904";"    42.7";"   24262";"  124642";"  141066";"    40.5";"   17784";"  123282";"    7838";"   20185";"     5.8";" 3497196"
"Total male and female";"2000";"Zuid-Nederland (LD)";" 3497196";"     493";"   42711";"    12.2";"   29826";"     8.5";"   12885";"  144042";"    41.1";"   24980";"  119062";"  137299";"    39.1";"   19806";"  117493";"    6743";"   20599";"     5.9";" 3517795"
"Total male and female";"2001";"Zuid-Nederland (LD)";" 3517795";"     496";"   41209";"    11.7";"   30021";"     8.5";"   11188";"  141216";"    40.0";"   24769";"  116447";"  136612";"    38.7";"   21111";"  115501";"    4604";"   16624";"     4.7";" 3534419"
"Total male and female";"2002";"Zuid-Nederland (LD)";" 3534419";"     498";"   40662";"    11.5";"   30768";"     8.7";"    9894";"  140889";"    39.8";"   21548";"  119341";"  144261";"    40.8";"   24253";"  120008";"   -3372";"    7668";"     2.2";" 3542087"
"Total male and female";"2003";"Zuid-Nederland (LD)";" 3542087";"     501";"   39970";"    11.3";"   30743";"     8.7";"    9227";"  136262";"    38.4";"   18802";"  117460";"  142737";"    40.3";"   23388";"  119349";"   -6475";"    4242";"     1.2";" 3546329"
"Total male and female";"2004";"Zuid-Nederland (LD)";" 3546329";"     501";"   38185";"    10.8";"   29737";"     8.4";"    8448";"  134482";"    37.9";"   17294";"  117188";"  142614";"    40.2";"   23995";"  118619";"   -8132";"    1725";"     0.5";" 3548054"
"Total male and female";"2005";"Zuid-Nederland (LD)";" 3548054";"     502";"   36352";"    10.2";"   29807";"     8.4";"    6545";"  140189";"    39.5";"   17969";"  122220";"  147707";"    41.6";"   24185";"  123522";"   -7518";"    -170";"     0.0";" 3547884"
"Total male and female";"2006";"Zuid-Nederland (LD)";" 3547884";"     502";"   35864";"    10.1";"   29629";"     8.4";"    6235";"  143684";"    40.5";"   19608";"  124076";"  151964";"    42.8";"   25606";"  126358";"   -8280";"   -1037";"    -0.3";" 3546847"
"Total male and female";"2007";"Zuid-Nederland (LD)";" 3546847";"     502";"   34785";"     9.8";"   29272";"     8.3";"    5513";"  144660";"    40.8";"   21812";"  122848";"  149372";"    42.1";"   24668";"  124704";"   -4712";"    1685";"     0.5";" 3548532"
"Total male and female";"2008";"Zuid-Nederland (LD)";" 3548532";"     502";"   35388";"    10.0";"   30024";"     8.5";"    5364";"  151214";"    42.6";"   27308";"  123906";"  148751";"    41.9";"   22949";"  125802";"    2463";"    8632";"     2.4";" 3557164"
"Total male and female";"2009";"Zuid-Nederland (LD)";" 3557164";"     503";"   35340";"     9.9";"   29750";"     8.4";"    5590";"  141873";"    39.8";"   27893";"  113980";"  138371";"    38.8";"   21549";"  116822";"    3502";"    9695";"     2.7";" 3566859"
"Total male and female";"2010";"Zuid-Nederland (LD)";" 3566859";"     505";"   35165";"     9.8";"   30193";"     8.5";"    4972";"  142569";"    39.9";"   29583";"  112986";"  137455";"    38.5";"   21517";"  115938";"    5114";"    9983";"     2.8";" 3576842"
"Total male and female";"2011";"Zuid-Nederland (LD)";" 3576842";"     506";"   34303";"     9.6";"   30217";"     8.4";"    4086";"  148246";"    41.4";"   31712";"  116534";"  142486";"    39.8";"   24593";"  117893";"    5760";"    9919";"     2.8";" 3586761"
"Total male and female";"2012";"Zuid-Nederland (LD)";" 3586761";"     508";"   33136";"     9.2";"   31447";"     8.8";"    1689";"  151375";"    42.2";"   31426";"  119949";"  146966";"    40.9";"   25073";"  121893";"    4409";"    6141";"     1.7";" 3592902"
"Total male and female";"2013";"Zuid-Nederland (LD)";" 3592902";"     509";"   32569";"     9.1";"   31604";"     8.8";"     965";"  155418";"    43.2";"   33366";"  122052";"  150061";"    41.7";"   26187";"  123874";"    5357";"    6378";"     1.8";" 3599280"
"Total male and female";"2014";"Zuid-Nederland (LD)";" 3599280";"     510";"   33084";"     9.2";"   31746";"     8.8";"    1338";"  166149";"    46.1";"   36918";"  129231";"  160041";"    44.4";"   28879";"  131162";"    6108";"    7412";"     2.1";" 3606692"
"Total male and female";"2015";"Zuid-Nederland (LD)";" 3606692";"     511";"   32295";"     8.9";"   33752";"     9.3";"   -1457";"  178444";"    49.4";"   41988";"  136456";"  168672";"    46.7";"   29938";"  138734";"    9772";"    8317";"     2.3";" 3615009"
"Total male and female";"2016";"Zuid-Nederland (LD)";" 3615009";"     512";"   33001";"     9.1";"   33895";"     9.4";"    -894";"  199470";"    55.1";"   48510";"  150960";"  183456";"    50.6";"   29860";"  153596";"   16014";"   15068";"     4.2";" 3630077"
"Total male and female";"2017";"Zuid-Nederland (LD)";" 3630077";"     514";"   32350";"     8.9";"   34547";"     9.5";"   -2197";"  204727";"    56.3";"   46516";"  158211";"  186968";"    51.4";"   30328";"  156640";"   17759";"   15407";"     4.2";" 3645484"
"Total male and female";"2018";"Zuid-Nederland (LD)";" 3645484";"     517";"   32202";"     8.8";"   35066";"     9.6";"   -2864";"  199441";"    54.6";"   48795";"  150646";"  181050";"    49.6";"   33223";"  147827";"   18391";"   15459";"     4.2";" 3660943"
"Total male and female";"2019";"Zuid-Nederland (LD)";" 3660943";"     519";"   32127";"     8.8";"   34893";"     9.5";"   -2766";"  203115";"    55.3";"   53818";"  149297";"  181059";"    49.3";"   33858";"  147201";"   22056";"   19213";"     5.2";" 3680156"
"Total male and female";"2020";"Zuid-Nederland (LD)";" 3680156";"     522";"   32065";"     8.7";"   40180";"    10.9";"   -8115";"  206755";"    56.1";"   48881";"  157874";"  188885";"    51.3";"   32563";"  156322";"   17870";"    9665";"     2.6";" 3689821"
"Total male and female";"2021";"Zuid-Nederland (LD)";" 3689821";"       0";"   34977";"     9.5";"   39590";"    10.7";"   -4613";"  213999";"    57.8";"   55434";"  158565";"  187965";"    50.8";"   32544";"  155421";"   26034";"   21355";"     5.8";" 3711176"
